"Area","Parameter","N_years","50%","2.5%","25%","75%","97.5%","Evidence"
"Eidfjord Fjellstyre","Lambda",15,-0.249800098297112,-0.375621438049578,-0.280701273352673,-0.226687369401849,-0.170585300782601,"**"
"Eidfjord Fjellstyre","Recruitment",15,0.481329666022984,0.263367446800743,0.453779479950321,0.499787057794407,0.548607291240058,"**"
"Eidfjord Fjellstyre","Survival",15,-0.366290557830524,-0.512184332556944,-0.437742773508012,-0.311756947334359,0.136796275441165,"*"
"Lierne Fjellstyre","Lambda",15,-0.239439750041182,-0.300352494765979,-0.251158221029036,-0.224951595759014,0.111800171181128,"*"
"Lierne Fjellstyre","Recruitment",15,0.770381893897309,0.387771755779416,0.754682585676487,0.832318872957718,0.878653523328493,"**"
"Lierne Fjellstyre","Survival",15,-0.659562456464295,-0.725103492817028,-0.69198390653213,-0.635956677651147,0.0431839964741177,"*"
"Sollia Fjellstyre","Lambda",12,-0.668902589088842,-0.781590333352057,-0.715588517948399,-0.638845565509978,-0.233521077216452,"**"
"Sollia Fjellstyre","Recruitment",12,0.329437679295188,-0.540507238408218,0.0499226656737285,0.4320415963394,0.55939988905488,"*"
"Sollia Fjellstyre","Survival",12,-0.595440350580549,-0.750065371351718,-0.697046682831678,-0.512679568845873,-0.296922389158172,"**"
